accountNumber,business_size_tier,employee_count,annual_revenue_sar,sector,health_archetype,cash_balance_sar,has_letter_of_guarantee,history_start,history_months,cashflow_positive_3m,revenue_growth_trend_pct,revenue_growing,net_margin_pct,avg_monthly_expenses_sar,monthly_payroll_sar,monthly_rent_sar
300000001,micro,5,2460000.0,trade,gap_risk,412000.0,0,2024-07,24,1,0.809,1,18.62,194594.78,64648.98,23164.93
300000002,micro,1,604130.25,trade,healthy,282288.28,0,2024-07,24,1,0.869,1,15.76,49321.81,8830.44,4171.07
300000003,micro,1,400000.0,trade,healthy,167652.49,0,2024-07,24,1,0.373,1,9.85,32028.19,7379.46,1652.97
300000004,micro,2,1081090.25,manufacturing,healthy,411096.61,0,2024-07,24,1,1.362,1,17.23,92466.6,15696.44,8395.19
300000005,small,41,31558739.02,manufacturing,healthy,7219924.82,1,2024-07,24,1,0.785,1,25.32,2251353.29,315435.54,218162.25
300000006,micro,3,732197.36,services,gap_risk,122117.84,0,2024-07,24,1,0.677,1,14.92,59554.58,28566.2,4953.08
300000007,micro,1,623803.39,trade,gap_risk,136921.84,0,2024-07,24,1,0.263,1,11.86,49299.3,12282.83,2587.52
300000008,micro,2,952920.28,services,healthy,334278.76,0,2024-07,24,1,0.856,1,23.3,70272.88,17172.2,3472.86
300000009,micro,2,1304383.74,trade,healthy,453968.34,0,2024-07,24,1,0.338,1,6.33,109525.99,28898.65,9246.37
300000010,micro,5,3000000.0,manufacturing,healthy,642345.93,0,2024-07,24,1,1.071,1,17.6,243282.21,43305.71,18477.63
300000011,micro,5,2091150.59,services,healthy,658877.29,0,2024-07,24,1,0.559,1,25.62,139926.78,51967.8,7778.32
300000012,micro,3,2250813.45,services,distressed,292602.6,0,2024-07,24,0,-0.559,0,-8.04,181177.07,33089.58,14523.43
300000013,small,29,16851939.31,services,distressed,3432088.39,1,2024-07,24,0,-0.468,0,-8.21,1382402.01,314732.73,114242.04
300000014,micro,1,421463.29,manufacturing,declining,80719.9,0,2024-07,24,0,-1.302,0,0.06,29751.55,11659.66,2767.44
300000015,micro,4,3000000.0,services,gap_risk,549185.12,0,2024-07,24,1,1.058,1,30.88,211113.58,28618.51,12499.38
300000016,small,45,39031376.18,trade,healthy,14703450.44,0,2024-07,24,1,1.255,1,18.83,3281825.5,711907.8,138049.94
300000017,small,48,40000000.0,trade,gap_risk,6763349.15,0,2024-07,24,1,0.863,1,18.1,3253575.94,713217.44,160477.51
300000018,micro,4,2801517.67,services,healthy,579688.06,0,2024-07,24,1,1.09,1,23.55,216968.68,46149.66,19356.33
300000019,micro,5,3000000.0,services,healthy,996251.35,0,2024-07,24,1,1.287,1,19.39,245478.94,66287.79,20420.62
300000020,micro,2,1706802.67,trade,healthy,784859.6,0,2024-07,24,1,1.16,1,17.87,147361.98,30237.65,9937.42
300000021,micro,4,2151297.02,services,gap_risk,446366.31,0,2024-07,24,1,0.9,1,22.18,167752.13,33894.04,10651.39
300000022,micro,1,400000.0,manufacturing,healthy,148946.13,0,2024-07,24,1,0.966,1,14.94,33688.0,9732.42,1466.32
300000023,micro,1,400000.0,services,healthy,91226.32,0,2024-07,24,1,1.403,1,19.09,34420.46,7813.08,2663.83
300000024,small,28,40000000.0,manufacturing,healthy,18637613.86,1,2024-07,24,1,1.181,1,22.31,3196628.24,282614.61,177844.53
300000025,small,36,25409248.79,manufacturing,gap_risk,4815803.96,0,2024-07,24,1,0.512,1,12.73,2138731.27,425353.1,115774.63
300000026,micro,4,2382149.63,services,healthy,969191.58,0,2024-07,24,1,0.536,1,23.88,161753.86,37762.45,9678.09
300000027,micro,2,1862855.44,manufacturing,healthy,585313.88,0,2024-07,24,1,0.666,1,21.3,139206.02,24509.98,8334.6
300000028,micro,4,3000000.0,trade,distressed,501128.44,0,2024-07,24,0,-0.189,0,-2.91,254908.92,41966.2,10589.99
300000029,small,33,26810455.12,manufacturing,healthy,8591007.77,0,2024-07,24,1,0.325,1,21.94,1877122.32,452077.17,143134.04
300000030,medium,183,158024188.24,trade,healthy,63061423.14,0,2024-07,24,1,0.601,1,15.49,12181438.55,2454528.76,687860.69
300000031,micro,1,912064.93,trade,healthy,231572.72,0,2024-07,24,1,0.984,1,18.92,74279.12,13124.41,6226.88
300000032,micro,3,1097808.09,trade,healthy,473028.64,0,2024-07,24,0,1.185,1,-3.3,113608.66,42115.29,4144.13
300000033,micro,3,1242779.54,trade,healthy,272377.19,0,2024-07,24,1,0.617,1,5.55,106149.36,34182.15,4767.89
300000034,micro,4,1625506.93,services,healthy,441685.9,0,2024-07,24,1,0.823,1,21.68,119656.79,42617.34,6740.24
300000035,small,13,23628302.5,trade,healthy,8466362.51,0,2024-07,24,1,0.418,1,15.16,1765952.1,143663.48,77235.15
300000036,medium,234,200000000.0,manufacturing,distressed,24031938.11,0,2024-07,24,0,-0.049,0,-6.5,17791350.85,2343461.5,1286360.47
300000037,small,11,3659971.57,manufacturing,healthy,1760959.04,0,2024-07,24,1,0.709,1,14.26,296914.81,95020.27,17190.06
300000038,micro,3,2690377.25,services,gap_risk,371418.6,0,2024-07,24,1,0.403,1,24.42,183629.33,35078.98,15614.49
300000039,micro,3,487872.55,manufacturing,healthy,326474.0,0,2024-07,24,0,1.099,1,-22.26,59107.57,24991.71,3110.61
300000040,micro,2,1194341.82,trade,healthy,507090.42,0,2024-07,24,1,1.34,1,14.7,106513.33,22110.25,5819.29
300000041,micro,1,1030610.85,trade,healthy,308619.43,0,2024-07,24,1,0.366,1,16.0,78170.57,13369.05,3651.84
300000042,micro,3,1912651.09,services,healthy,862784.07,0,2024-07,24,1,1.159,1,22.68,153115.65,45873.12,10662.31
300000043,micro,3,2467728.27,manufacturing,healthy,578476.79,0,2024-07,24,1,1.3,1,24.09,196157.62,31998.14,14789.94
300000044,micro,4,2157736.73,services,healthy,406181.63,0,2024-07,24,1,0.614,1,24.11,149697.24,34781.08,11011.55
300000045,micro,4,3000000.0,services,gap_risk,629258.76,0,2024-07,24,1,0.731,1,19.66,238340.13,53734.98,18958.77
300000046,small,36,28379741.78,services,healthy,6598501.3,0,2024-07,24,1,1.426,1,21.62,2353886.2,487494.03,188678.93
300000047,micro,4,1744459.48,services,healthy,544848.84,0,2024-07,24,1,1.446,1,23.93,131813.81,53964.35,11987.53
300000048,micro,5,3000000.0,services,healthy,1182952.83,0,2024-07,24,1,1.333,1,24.01,240625.4,60391.35,14245.78
300000049,micro,4,1559736.71,services,declining,213962.68,0,2024-07,24,0,-0.806,0,2.61,108709.45,44956.3,9283.0
300000050,small,27,32556668.24,manufacturing,healthy,7897377.21,1,2024-07,24,1,0.89,1,18.32,2573992.4,229084.12,175437.95
300000051,small,37,20038927.0,manufacturing,healthy,3991188.1,0,2024-07,24,1,0.873,1,16.79,1538036.11,473166.46,72054.42
300000052,micro,4,2974570.48,manufacturing,distressed,471201.86,0,2024-07,24,0,0.386,1,-6.55,276641.71,38022.6,20533.76
300000053,small,32,24631638.78,manufacturing,healthy,6117795.2,0,2024-07,24,1,0.653,1,17.59,1918200.2,419441.45,112418.08
300000054,small,33,26629685.17,services,declining,3111177.71,0,2024-07,24,1,-1.324,0,24.33,1377926.69,397315.05,96970.93
300000055,micro,3,2137468.04,trade,healthy,469807.98,0,2024-07,24,1,0.579,1,22.78,152334.8,22516.43,9741.04
300000056,micro,1,781562.24,trade,gap_risk,150871.48,0,2024-07,24,1,0.83,1,20.72,59141.29,8686.19,2989.41
300000057,micro,1,763511.97,manufacturing,distressed,86203.11,0,2024-07,24,0,-0.936,0,-4.07,57425.45,11246.17,4998.34
300000058,small,12,23203961.75,manufacturing,declining,1760958.26,0,2024-07,24,1,-1.55,0,17.98,1166581.42,111068.4,100361.68
300000059,micro,1,400000.0,services,healthy,184532.1,0,2024-07,24,1,0.913,1,18.95,31883.1,9597.58,1750.31
300000060,micro,1,400000.0,trade,healthy,128295.73,0,2024-07,24,1,1.441,1,4.19,39974.22,10890.92,2332.6
300000061,micro,1,456681.2,manufacturing,healthy,196780.91,0,2024-07,24,1,0.906,1,15.32,36453.39,10136.8,2337.92
300000062,micro,1,1263654.94,services,healthy,333429.14,0,2024-07,24,1,0.845,1,32.92,84246.15,13395.51,5793.38
300000063,micro,1,1975046.17,trade,gap_risk,442149.82,0,2024-07,24,1,0.696,1,15.91,161062.33,9669.54,13001.45
300000064,micro,5,3000000.0,trade,healthy,633052.25,0,2024-07,24,1,0.988,1,17.22,250241.37,38699.21,11570.48
300000065,small,35,40000000.0,trade,healthy,7926181.64,0,2024-07,24,1,0.677,1,18.93,3072992.19,469238.54,247320.67
300000066,small,8,5379661.63,manufacturing,healthy,2114425.35,0,2024-07,24,1,1.56,1,25.7,431997.47,102599.75,18227.09
300000067,micro,2,2001874.41,manufacturing,healthy,513587.6,0,2024-07,24,1,1.077,1,20.64,154020.98,26267.48,13303.61
300000068,micro,1,1171868.36,services,healthy,478871.54,0,2024-07,24,1,0.892,1,28.0,80190.8,11913.76,8967.19
300000069,micro,1,400000.0,trade,healthy,202850.04,0,2024-07,24,1,1.176,1,2.09,39939.85,12566.41,1922.54
300000070,micro,3,1433054.15,manufacturing,healthy,323722.86,0,2024-07,24,1,1.008,1,20.94,111526.36,26570.55,8227.17
300000071,small,7,3000000.0,trade,healthy,1446621.16,1,2024-07,24,0,0.886,1,0.75,285027.5,88961.25,15590.16
300000072,micro,2,896644.69,services,healthy,303214.56,0,2024-07,24,1,0.586,1,24.88,60829.63,16109.93,6896.21
300000073,small,7,3000000.0,manufacturing,healthy,786213.07,0,2024-07,24,1,0.738,1,0.93,277891.17,101567.77,21627.57
300000074,micro,4,1273854.94,services,healthy,567899.97,0,2024-07,24,1,1.276,1,24.53,97653.68,31937.28,5047.86
300000075,small,18,3000000.0,services,healthy,1375887.8,0,2024-07,24,0,0.533,1,-35.09,373701.04,269829.74,10157.92
300000076,small,49,38426944.94,trade,healthy,15329353.64,1,2024-07,24,1,1.213,1,17.93,3296605.81,693136.76,288177.94
300000077,micro,1,1897595.2,services,healthy,674850.04,0,2024-07,24,1,0.732,1,33.73,118965.79,13075.07,14459.04
300000078,small,13,17525563.5,trade,declining,2246533.76,0,2024-07,24,0,-1.331,0,2.1,1103297.3,208903.32,106670.01
300000079,small,37,39388705.4,services,healthy,8826662.61,0,2024-07,24,1,1.069,1,25.72,2929489.93,574170.26,257818.42
300000080,micro,1,400000.0,trade,declining,54635.06,0,2024-07,24,0,-2.012,0,-9.33,27104.62,9376.26,2300.96
300000081,small,32,24774985.0,manufacturing,healthy,5505696.91,0,2024-07,24,1,0.592,1,25.39,1680380.34,445854.55,138922.86
300000082,small,45,32027031.21,services,healthy,11576771.12,1,2024-07,24,1,1.344,1,29.38,2392547.74,376880.35,205751.11
300000083,micro,5,1891815.71,services,healthy,671484.24,0,2024-07,24,1,0.933,1,22.15,144566.26,73203.52,8832.81
300000084,micro,1,400000.0,trade,healthy,224315.93,0,2024-07,24,0,0.953,1,-9.39,42375.27,13706.63,1465.16
300000085,small,30,37942348.58,services,healthy,7870866.57,0,2024-07,24,1,1.201,1,31.82,2617588.16,287724.28,211239.63
300000086,micro,5,3000000.0,trade,gap_risk,654571.44,0,2024-07,24,1,0.487,1,7.21,254966.22,60470.81,19095.14
300000087,small,39,20201323.26,manufacturing,healthy,6693090.82,1,2024-07,24,1,0.537,1,14.88,1592532.74,467653.4,105248.82
300000088,micro,4,1458579.03,trade,healthy,724401.59,0,2024-07,24,0,0.814,1,-13.03,154476.68,60243.24,5519.26
300000089,small,12,3000000.0,trade,declining,468204.56,0,2024-07,24,0,-1.107,0,-34.58,281677.33,140877.68,17780.1
300000090,medium,175,110829005.11,trade,healthy,51041223.48,0,2024-07,24,1,0.964,1,16.82,9155576.85,1675305.98,634824.8
300000091,small,12,14214893.74,services,gap_risk,2687620.29,0,2024-07,24,1,0.704,1,32.03,945458.14,122331.45,99877.94
300000092,micro,4,3000000.0,trade,healthy,959455.71,0,2024-07,24,1,1.095,1,18.87,245600.72,49863.02,21519.01
300000093,micro,1,400000.0,manufacturing,healthy,153636.53,0,2024-07,24,1,0.369,1,10.7,31867.27,8547.6,2474.68
300000094,micro,5,3000000.0,services,healthy,1067712.05,0,2024-07,24,1,0.456,1,18.25,229022.48,57615.73,18640.93
300000095,small,13,5951138.16,manufacturing,healthy,1635723.76,0,2024-07,24,1,1.215,1,19.53,501204.5,163549.29,21126.52
300000096,micro,3,2229033.76,services,gap_risk,371655.22,0,2024-07,24,1,0.609,1,18.68,169049.56,45182.8,10443.73
300000097,small,43,40000000.0,services,healthy,10588705.93,1,2024-07,24,1,1.073,1,29.21,2813009.79,616020.54,187455.9
300000098,micro,1,400000.0,services,healthy,99549.58,0,2024-07,24,1,0.914,1,13.9,32010.44,13811.99,1894.73
300000099,small,26,28719549.62,trade,gap_risk,4905835.02,0,2024-07,24,1,0.528,1,14.63,2266129.7,352309.21,120673.09
300000100,micro,4,1298587.08,manufacturing,healthy,287484.62,0,2024-07,24,1,0.893,1,12.75,105484.03,36738.14,4868.97
300000101,micro,2,909031.89,trade,healthy,445089.22,0,2024-07,24,1,0.976,1,12.75,75645.39,17450.68,5035.3
300000102,micro,3,1807144.48,manufacturing,gap_risk,439828.98,0,2024-07,24,1,1.012,1,17.21,155231.44,45017.94,8463.85
300000103,medium,122,40000000.0,services,healthy,14027746.21,1,2024-07,24,1,1.147,1,27.43,2925781.46,1051995.93,302168.44
300000104,micro,4,2196725.85,manufacturing,healthy,564944.05,0,2024-07,24,1,0.198,1,10.98,177105.82,61756.25,16199.71
300000105,micro,3,975003.2,manufacturing,healthy,222874.61,0,2024-07,24,1,0.406,1,14.05,76099.2,22487.72,3662.36
300000106,micro,3,1805951.18,services,healthy,800879.93,0,2024-07,24,1,1.297,1,25.65,139677.47,34184.19,10529.59
300000107,medium,51,50963646.91,manufacturing,healthy,19011524.98,0,2024-07,24,1,0.886,1,18.12,3975309.8,635121.73,303031.76
300000108,micro,2,747486.11,manufacturing,gap_risk,181468.41,0,2024-07,24,1,0.971,1,4.84,70410.27,25700.01,4236.47
300000109,small,28,24285628.04,trade,declining,5017133.02,0,2024-07,24,1,-0.719,0,10.1,1643796.53,321993.17,134294.77
300000110,small,33,11580839.24,services,gap_risk,2335779.73,0,2024-07,24,1,0.474,1,15.93,910884.27,310368.02,41536.18
300000111,small,11,17681200.98,manufacturing,declining,1916614.12,0,2024-07,24,1,-2.048,0,11.06,910270.68,109070.57,127036.59
300000112,small,44,40000000.0,manufacturing,healthy,13490771.21,0,2024-07,24,1,0.986,1,21.78,3011426.2,354150.62,186133.02
300000113,micro,2,562136.16,services,declining,71967.83,0,2024-07,24,0,-1.308,0,6.27,36980.51,18091.92,4158.73
300000114,micro,4,2308964.38,services,healthy,683909.16,0,2024-07,24,1,0.771,1,22.84,171649.07,38848.0,15594.88
300000115,micro,5,2168590.86,services,healthy,649789.33,0,2024-07,24,1,0.717,1,26.49,146313.03,52667.58,10832.19
300000116,micro,4,3000000.0,manufacturing,healthy,1063835.5,0,2024-07,24,1,0.634,1,20.33,222116.54,48558.51,18274.89
300000117,small,47,35960683.53,manufacturing,gap_risk,5782576.14,0,2024-07,24,1,0.266,1,18.99,2596047.02,496339.8,167332.62
300000118,micro,4,2760443.41,trade,healthy,657115.4,0,2024-07,24,1,1.305,1,23.88,227470.04,34819.51,17084.46
300000119,micro,3,1704196.81,trade,healthy,536482.96,0,2024-07,24,1,0.918,1,7.62,149766.57,44416.61,7019.51
300000120,micro,4,1804024.53,manufacturing,healthy,548177.93,0,2024-07,24,1,0.896,1,20.88,136145.59,29226.25,9194.26
300000121,micro,3,2158463.46,manufacturing,healthy,447848.52,0,2024-07,24,1,0.937,1,24.63,159861.86,41527.07,7805.26
300000122,micro,1,445873.95,services,healthy,109279.02,0,2024-07,24,1,1.167,1,19.92,35772.69,10267.59,1604.6
300000123,small,39,27510950.04,services,declining,4234477.01,0,2024-07,24,1,-1.51,0,22.89,1399772.3,329488.04,115406.47
300000124,micro,2,1076651.86,manufacturing,gap_risk,209109.37,0,2024-07,24,1,0.956,1,16.07,90433.14,22984.66,5766.36
300000125,small,38,10150777.78,services,healthy,4655207.62,0,2024-07,24,1,0.671,1,16.24,790567.26,278909.77,57077.92
300000126,small,7,21983417.27,manufacturing,healthy,5997185.57,1,2024-07,24,1,0.88,1,23.77,1673222.78,106311.57,69460.93
300000127,micro,1,1067410.2,services,healthy,376763.6,0,2024-07,24,1,0.378,1,33.16,66674.91,8359.07,5531.59
300000128,micro,5,2573428.95,manufacturing,healthy,896787.39,0,2024-07,24,1,0.48,1,12.19,199668.88,67461.22,17065.86
300000129,micro,2,1280995.68,services,healthy,422067.91,0,2024-07,24,1,0.817,1,25.93,92324.34,25818.58,6861.25
300000130,micro,1,1051063.59,trade,healthy,338974.67,0,2024-07,24,1,0.711,1,20.2,78957.54,8414.74,6698.65
300000131,medium,103,109932875.31,services,gap_risk,22585107.6,0,2024-07,24,1,0.729,1,28.68,7612759.47,1481852.08,546359.73
300000132,micro,2,851073.76,trade,healthy,392994.45,0,2024-07,24,1,1.199,1,8.55,78558.08,23425.41,3165.07
300000133,medium,99,83079288.5,services,healthy,17065937.88,1,2024-07,24,1,1.23,1,31.72,5982559.96,1105734.27,456802.16
300000134,medium,147,126508751.53,trade,healthy,45834239.97,0,2024-07,24,1,1.219,1,17.11,10901137.01,1331625.78,557707.8
300000135,small,46,40000000.0,trade,healthy,15423318.46,1,2024-07,24,1,0.577,1,15.64,3073220.79,609226.59,259253.66
300000136,micro,3,1485611.23,manufacturing,healthy,569064.33,0,2024-07,24,1,1.191,1,16.33,128317.03,27321.52,8320.99
300000137,micro,2,400000.0,trade,healthy,179205.83,0,2024-07,24,0,1.173,1,-20.83,48704.48,17831.33,2509.14
300000138,small,21,13247853.27,manufacturing,healthy,5708582.28,0,2024-07,24,1,1.066,1,15.37,1141172.26,238237.09,57591.82
300000139,micro,2,1233719.73,manufacturing,healthy,524604.35,0,2024-07,24,1,1.037,1,21.65,95329.6,28601.53,4571.55
300000140,micro,2,974310.19,services,gap_risk,211279.49,0,2024-07,24,1,0.583,1,22.19,72980.45,15653.21,4024.64
300000141,small,29,7634969.4,manufacturing,healthy,2462863.09,1,2024-07,24,0,1.021,1,-12.88,827009.07,402787.79,37280.24
300000142,micro,3,1578110.58,trade,healthy,643271.68,0,2024-07,24,1,0.836,1,12.13,136372.71,32721.48,10921.56
300000143,micro,4,3000000.0,manufacturing,declining,303968.34,0,2024-07,24,1,-1.197,0,6.48,188335.55,29284.55,20114.32
300000144,small,33,14111591.16,trade,healthy,6855725.04,1,2024-07,24,0,0.863,1,-1.64,1416256.87,527307.64,57647.37
300000145,micro,4,2385540.98,manufacturing,healthy,993756.41,0,2024-07,24,1,0.903,1,19.69,186870.78,51538.51,15093.74
300000146,small,43,40000000.0,manufacturing,healthy,7851418.44,0,2024-07,24,1,0.815,1,17.85,3123005.29,414657.26,303183.58
300000147,micro,1,400000.0,manufacturing,declining,73146.65,0,2024-07,24,0,-0.913,0,4.14,27789.02,8622.04,1999.2
300000148,micro,4,2235489.35,manufacturing,healthy,594275.93,0,2024-07,24,1,1.355,1,17.65,193212.24,42081.15,10930.08
300000149,micro,5,3000000.0,services,healthy,1211923.71,0,2024-07,24,1,0.571,1,22.77,216561.2,60938.31,10484.17
300000150,small,9,14150187.44,services,healthy,2765999.11,0,2024-07,24,1,0.966,1,37.5,912715.76,74142.61,111299.3
300000151,medium,201,131093152.34,manufacturing,healthy,54006935.1,0,2024-07,24,1,1.063,1,26.82,9320736.26,1760864.41,722790.14
300000152,micro,1,400000.0,services,healthy,142772.48,0,2024-07,24,1,0.353,1,17.66,29269.12,13188.91,1748.3
300000153,micro,2,1003764.66,manufacturing,healthy,244383.03,0,2024-07,24,1,0.875,1,10.61,83841.35,26337.33,3872.3
300000154,small,24,20894415.81,manufacturing,distressed,1421825.9,1,2024-07,24,0,-0.29,0,-5.68,1723859.83,301186.76,79115.71
300000155,small,23,4049612.46,trade,gap_risk,975221.49,0,2024-07,24,0,0.351,1,-22.54,440344.49,192202.26,18659.25
300000156,small,36,24151869.56,trade,healthy,9811038.83,0,2024-07,24,1,0.731,1,23.11,1759235.78,265030.63,139544.58
300000157,small,36,24936336.23,services,declining,2096880.95,0,2024-07,24,1,-1.602,0,25.52,1194770.66,327857.36,91525.62
300000158,micro,5,2885214.65,manufacturing,healthy,933499.45,0,2024-07,24,1,0.579,1,15.03,228376.73,62561.3,16699.4
300000159,micro,4,2805882.16,trade,healthy,945151.31,0,2024-07,24,1,0.738,1,16.83,218689.62,56193.17,11345.24
300000160,medium,240,190621482.42,services,healthy,81666621.32,0,2024-07,24,1,1.116,1,22.04,15143091.79,3529574.04,1274338.55
300000161,micro,3,1046595.6,manufacturing,healthy,295679.76,0,2024-07,24,1,1.37,1,19.16,88837.99,25010.38,7074.53
300000162,small,24,16474347.61,services,healthy,4644157.8,0,2024-07,24,1,1.387,1,24.74,1309675.35,381843.27,104119.18
300000163,micro,4,2335819.05,trade,healthy,483267.52,0,2024-07,24,1,0.566,1,13.47,183896.67,53264.42,9199.43
300000164,small,20,22039749.79,trade,healthy,8605750.92,0,2024-07,24,1,0.773,1,24.13,1584923.51,192743.83,117949.36
300000165,small,18,17797532.04,manufacturing,healthy,3539395.49,0,2024-07,24,1,0.85,1,21.33,1319076.32,180387.71,69263.88
300000166,micro,5,2372264.04,manufacturing,healthy,911971.33,0,2024-07,24,1,0.794,1,15.81,193514.88,40688.52,11256.94
300000167,small,8,6489196.96,manufacturing,healthy,2237917.47,0,2024-07,24,1,0.424,1,20.59,460597.49,75594.11,36546.1
300000168,small,38,40000000.0,manufacturing,healthy,13075987.51,1,2024-07,24,1,1.37,1,20.3,3370702.05,461504.13,190960.57
300000169,small,19,27222626.75,manufacturing,declining,2766074.68,0,2024-07,24,1,-0.775,0,19.05,1582013.95,143045.88,114438.21
300000170,micro,1,849896.43,manufacturing,healthy,240118.57,0,2024-07,24,1,1.141,1,26.07,63642.82,13123.35,3570.92
300000171,small,26,37585939.97,manufacturing,gap_risk,8708665.29,0,2024-07,24,1,0.773,1,17.92,3068556.98,284680.68,168849.58
300000172,micro,4,2276622.96,manufacturing,healthy,876174.48,0,2024-07,24,1,0.858,1,16.18,187190.55,44393.53,13243.94
300000173,micro,2,1213521.46,manufacturing,healthy,441951.87,0,2024-07,24,1,1.159,1,19.45,100778.09,30408.12,8256.01
300000174,small,6,3000000.0,manufacturing,healthy,763149.4,0,2024-07,24,1,0.716,1,22.81,216093.86,47982.18,19287.17
300000175,micro,2,900752.88,services,healthy,344604.04,0,2024-07,24,1,0.673,1,16.78,69983.7,28705.4,4514.1
300000176,micro,5,3000000.0,manufacturing,healthy,853691.05,0,2024-07,24,1,1.202,1,16.34,262873.4,37419.56,13991.18
300000177,small,42,34705384.82,trade,healthy,11410088.24,0,2024-07,24,1,0.63,1,14.2,2743813.02,478993.01,193299.87
300000178,micro,4,1671926.54,trade,declining,179589.42,0,2024-07,24,0,-1.657,0,-1.89,112552.64,38428.02,9362.25
300000179,medium,60,57058814.35,manufacturing,healthy,19458755.4,0,2024-07,24,1,0.85,1,22.4,4352064.67,907008.68,231029.13
300000180,small,29,17982321.48,trade,healthy,3553852.49,0,2024-07,24,1,0.429,1,21.0,1300177.39,282364.76,86096.56
300000181,medium,160,65829901.79,services,healthy,13383943.84,0,2024-07,24,1,0.722,1,15.87,5084624.3,1638280.05,341565.77
300000182,micro,5,1870017.88,trade,healthy,879198.45,0,2024-07,24,1,1.058,1,10.95,168550.93,39964.02,7076.97
300000183,small,18,11073198.13,manufacturing,healthy,2401528.57,0,2024-07,24,1,1.036,1,25.56,822813.69,160220.42,38903.65
300000184,small,37,35688479.17,manufacturing,gap_risk,5774465.27,0,2024-07,24,1,0.315,1,19.24,2704509.76,476879.71,207106.82
300000185,micro,2,1836786.08,trade,declining,327270.76,0,2024-07,24,1,-0.834,0,8.63,121199.84,29302.62,6825.32
300000186,medium,54,40000000.0,services,gap_risk,6075573.37,1,2024-07,24,1,0.723,1,32.87,2581847.94,460535.7,149682.55
300000187,micro,2,1522005.5,trade,healthy,456322.61,0,2024-07,24,1,0.585,1,15.13,119542.1,18997.44,9641.08
300000188,micro,3,1061672.05,trade,healthy,287242.39,0,2024-07,24,1,0.86,1,14.92,87644.45,21868.19,4886.64
300000189,medium,115,95122868.45,manufacturing,gap_risk,18119483.13,0,2024-07,24,1,0.762,1,13.09,8033147.92,904918.47,649122.45
300000190,small,30,18251856.04,services,healthy,4897170.3,0,2024-07,24,1,0.858,1,19.07,1437923.12,370586.09,118071.33
300000191,micro,2,483144.06,trade,healthy,237239.91,0,2024-07,24,0,0.715,1,-32.69,58448.77,23821.55,3488.1
300000192,micro,3,1777834.69,manufacturing,healthy,667066.61,0,2024-07,24,1,1.002,1,16.37,149803.39,26467.16,7690.81
300000193,micro,2,580859.32,services,declining,111581.85,0,2024-07,24,0,-1.056,0,-2.55,43202.75,25277.11,3162.13
300000194,micro,3,1955156.67,manufacturing,gap_risk,426616.17,0,2024-07,24,1,0.542,1,13.45,158407.79,33272.82,11695.89
300000195,micro,2,400000.0,services,gap_risk,102531.99,0,2024-07,24,1,0.393,1,-0.79,36878.25,20669.82,2103.12
300000196,micro,5,1908257.65,services,healthy,621115.52,0,2024-07,24,1,0.691,1,16.75,144078.54,68271.32,11245.39
300000197,micro,5,3000000.0,trade,healthy,1493222.24,0,2024-07,24,1,1.145,1,12.69,255727.06,52066.64,18953.96
300000198,micro,1,733456.1,trade,healthy,214740.18,0,2024-07,24,1,1.424,1,15.83,66227.8,10763.42,4056.82
300000199,small,45,24711322.83,services,healthy,5316270.55,0,2024-07,24,1,0.566,1,25.49,1664483.08,630829.54,152724.22
300000200,small,17,12676223.63,trade,declining,2052788.44,1,2024-07,24,0,-1.275,0,3.02,817960.17,209439.9,89959.94
300000201,micro,2,476979.97,services,healthy,251412.72,0,2024-07,24,1,1.279,1,-1.79,49849.22,28019.83,2573.52
300000202,medium,67,40000000.0,services,healthy,9476407.73,0,2024-07,24,1,0.854,1,24.29,2960057.99,862427.34,155990.14
300000203,micro,4,2976178.25,services,healthy,909600.21,0,2024-07,24,1,0.801,1,29.36,198048.28,38162.42,11117.47
300000204,micro,5,3000000.0,manufacturing,healthy,1179705.43,0,2024-07,24,1,0.954,1,17.17,246233.27,39042.32,21460.07
300000205,micro,3,1560145.49,manufacturing,healthy,380532.81,0,2024-07,24,1,1.295,1,22.85,125045.51,30486.1,5911.59
300000206,small,20,27514309.22,manufacturing,declining,4974469.59,0,2024-07,24,1,-0.924,0,15.41,1644810.43,243853.07,101508.17
300000207,micro,4,2492351.64,trade,healthy,589202.01,0,2024-07,24,1,0.748,1,6.29,225347.62,61315.28,9265.67
300000208,micro,4,2728952.79,trade,healthy,637937.69,0,2024-07,24,1,0.92,1,14.41,233970.9,45459.31,16248.02
300000209,small,32,34649870.55,trade,healthy,8050386.81,0,2024-07,24,1,1.251,1,25.35,2696276.45,295036.49,130788.5
300000210,small,24,22996019.42,trade,healthy,5134491.12,0,2024-07,24,1,0.893,1,15.37,1847834.71,354762.05,164207.03
300000211,small,13,15550515.73,trade,healthy,5820842.27,0,2024-07,24,1,0.714,1,15.3,1248555.51,105226.36,60691.17
300000212,micro,2,1587817.92,trade,gap_risk,336729.1,0,2024-07,24,1,0.366,1,17.76,119843.33,16067.01,11182.1
300000213,small,30,18381300.67,manufacturing,healthy,5198734.43,0,2024-07,24,1,1.326,1,24.98,1452602.91,285842.03,123782.87
300000214,micro,3,2435461.41,services,declining,390017.31,0,2024-07,24,1,-0.874,0,29.73,122423.15,24975.61,11821.45
300000215,micro,5,2032021.38,services,declining,322497.7,0,2024-07,24,0,-1.956,0,-0.62,122500.53,38751.23,13782.19
300000216,medium,171,105284145.82,services,declining,20435557.34,0,2024-07,24,1,-0.93,0,14.94,6374780.7,1684069.75,566300.02
300000217,micro,3,1283030.87,trade,healthy,552522.34,0,2024-07,24,1,1.118,1,-0.72,129058.96,44140.83,6343.51
300000218,small,40,23707957.04,manufacturing,declining,5287111.24,0,2024-07,24,0,-0.985,0,0.34,1690474.6,536911.35,123384.34
300000219,small,24,15612324.68,trade,healthy,6879371.14,0,2024-07,24,1,0.493,1,16.81,1197309.94,277035.73,102391.63
300000220,micro,1,400000.0,trade,healthy,107096.77,0,2024-07,24,1,1.334,1,-4.71,42739.57,12312.77,1314.2
300000221,micro,4,2115749.49,manufacturing,healthy,692851.84,0,2024-07,24,1,0.555,1,14.48,166109.71,29873.24,8221.67
300000222,medium,207,200000000.0,trade,healthy,81388784.06,0,2024-07,24,1,1.098,1,21.5,15633253.73,2357999.75,1230627.45
300000223,medium,95,40000000.0,services,healthy,13766697.41,0,2024-07,24,1,0.776,1,23.64,3022641.15,985074.7,270075.71
300000224,micro,1,685321.93,manufacturing,healthy,199863.63,0,2024-07,24,1,0.481,1,19.98,49899.0,9538.26,3992.02
300000225,micro,3,2104514.05,trade,healthy,693849.78,0,2024-07,24,1,1.192,1,21.78,174404.12,26232.94,7345.55
300000226,micro,2,1542464.11,services,healthy,471024.51,0,2024-07,24,1,0.619,1,31.71,97553.72,15660.46,5725.9
300000227,micro,5,2896024.7,manufacturing,declining,371216.59,0,2024-07,24,0,-0.857,0,1.91,202728.71,69495.77,15630.85
300000228,micro,2,953608.42,services,healthy,166005.8,0,2024-07,24,1,0.573,1,24.9,64696.97,32173.4,6409.79
300000229,micro,5,3000000.0,trade,healthy,1162593.5,0,2024-07,24,1,0.572,1,18.49,233143.76,42695.16,16337.39
300000230,medium,126,102809938.3,services,healthy,36101749.09,0,2024-07,24,1,0.741,1,26.14,7111964.58,1626846.34,381887.42
300000231,micro,2,780156.06,manufacturing,healthy,252356.52,0,2024-07,24,1,0.705,1,13.23,65767.39,20857.8,3760.53
300000232,small,36,37249250.85,manufacturing,healthy,8916903.16,0,2024-07,24,1,0.616,1,14.33,2929055.97,571271.51,197757.87
300000233,micro,1,400000.0,trade,healthy,155085.68,0,2024-07,24,1,0.845,1,10.99,33319.98,7388.37,2004.84
300000234,micro,5,3000000.0,trade,declining,524213.03,0,2024-07,24,0,-1.317,0,3.86,192167.2,43870.66,20698.84
300000235,small,30,8497579.79,trade,gap_risk,1797852.62,0,2024-07,24,1,0.767,1,1.92,816626.15,266672.85,34482.15
300000236,small,42,31027469.14,trade,declining,2758927.97,0,2024-07,24,0,-1.866,0,7.44,1738434.36,395788.09,133499.61
300000237,micro,3,850913.49,services,healthy,250453.29,0,2024-07,24,1,0.649,1,11.14,69848.47,37640.79,5102.11
300000238,micro,2,1272323.33,services,gap_risk,286884.03,0,2024-07,24,1,0.379,1,15.16,100085.29,29288.84,7727.46
300000239,small,39,30194958.29,services,healthy,8393882.11,0,2024-07,24,1,0.593,1,29.56,1951503.88,365144.92,109837.94
300000240,micro,4,3000000.0,services,distressed,350330.71,0,2024-07,24,0,-0.425,0,-3.96,244114.83,61140.25,21238.61
300000241,micro,2,1038741.63,manufacturing,gap_risk,194764.37,0,2024-07,24,1,0.652,1,9.59,89193.13,26299.69,5503.17
300000242,micro,3,1216913.98,trade,gap_risk,347911.99,0,2024-07,24,0,0.36,1,-10.65,122766.13,45651.74,7430.76
300000243,micro,1,400000.0,services,healthy,159205.27,0,2024-07,24,1,0.986,1,29.76,28377.08,8533.13,2392.14
300000244,micro,3,2232799.83,trade,healthy,621675.72,0,2024-07,24,1,0.831,1,13.53,185625.74,41317.59,8375.61
300000245,medium,73,40000000.0,manufacturing,distressed,6542364.04,0,2024-07,24,0,0.184,1,-3.41,3560329.33,557140.75,143870.37
300000246,small,21,20323475.41,trade,healthy,7496565.89,0,2024-07,24,1,0.474,1,16.46,1548822.43,223846.21,134254.44
300000247,small,42,31870222.96,manufacturing,healthy,13142455.07,0,2024-07,24,1,0.832,1,19.09,2531915.98,449088.45,121778.59
300000248,small,34,40000000.0,services,declining,2889256.05,0,2024-07,24,1,-1.83,0,23.87,1873826.52,491876.19,189452.68
300000249,small,40,28260333.55,manufacturing,healthy,8781853.09,0,2024-07,24,1,0.55,1,14.89,2184361.73,607850.53,104993.95
300000250,micro,3,1293377.64,trade,healthy,487683.3,0,2024-07,24,1,0.454,1,2.79,116020.07,30690.64,10086.02
300000251,medium,222,200000000.0,services,healthy,34693831.55,1,2024-07,24,1,0.42,1,23.53,13793673.33,2663714.56,1030910.11
300000252,micro,5,1852937.13,manufacturing,healthy,735129.18,0,2024-07,24,1,0.631,1,0.84,170012.76,76181.06,7583.47
300000253,micro,2,400000.0,services,healthy,211809.77,0,2024-07,24,0,1.036,1,-23.89,47940.03,31053.97,1567.78
300000254,micro,4,2527238.79,trade,healthy,880456.47,0,2024-07,24,1,1.05,1,15.64,210898.57,40680.15,11080.24
300000255,micro,4,1999450.55,services,declining,424451.71,0,2024-07,24,1,-0.691,0,9.64,134949.94,62473.82,11109.17
300000256,small,29,5090555.45,services,gap_risk,1397238.4,1,2024-07,24,0,0.874,1,-16.51,564658.05,350410.14,20640.61
300000257,micro,3,937760.08,manufacturing,healthy,300356.7,0,2024-07,24,1,1.576,1,-1.85,98536.07,40882.21,5738.46
300000258,medium,83,40000000.0,trade,gap_risk,9371373.96,0,2024-07,24,1,0.355,1,4.34,3503576.0,842240.42,295901.9
300000259,micro,2,891900.54,services,healthy,289199.25,0,2024-07,24,1,0.986,1,23.92,64891.83,14459.14,3963.1
300000260,micro,3,1885819.87,trade,gap_risk,334302.21,0,2024-07,24,1,0.971,1,18.29,157908.76,30960.46,13524.67
300000261,small,31,27449582.52,trade,healthy,12809888.18,0,2024-07,24,1,1.159,1,21.06,2276829.34,413359.46,198064.57
300000262,micro,3,1876516.44,manufacturing,healthy,449085.8,0,2024-07,24,1,0.927,1,21.02,143352.9,36717.66,10734.8
300000263,small,29,28062688.94,manufacturing,gap_risk,5778719.37,0,2024-07,24,1,0.279,1,12.52,2220926.73,335386.11,197390.46
300000264,micro,1,1248355.99,manufacturing,healthy,383876.28,0,2024-07,24,1,1.014,1,21.3,98493.49,8033.11,8912.9
300000265,micro,4,2050133.06,manufacturing,healthy,601594.56,0,2024-07,24,1,1.008,1,14.3,177606.05,61021.24,12498.59
300000266,small,31,32467405.77,trade,healthy,13625218.45,0,2024-07,24,1,0.801,1,22.87,2443002.94,458835.31,115915.3
300000267,small,19,27581152.91,trade,healthy,5678814.27,1,2024-07,24,1,0.845,1,22.98,2059623.02,228035.62,115971.84
300000268,micro,3,1908881.51,services,declining,336181.43,0,2024-07,24,1,-0.517,0,20.13,116132.95,27078.37,11048.97
300000269,micro,4,3000000.0,manufacturing,distressed,259866.36,0,2024-07,24,0,-0.117,0,-3.13,244304.14,34724.69,24108.03
300000270,micro,5,3000000.0,services,healthy,595913.44,0,2024-07,24,1,0.953,1,29.08,205834.4,40201.43,12110.23
300000271,micro,1,400000.0,trade,healthy,223071.76,0,2024-07,24,0,1.067,1,-10.67,43676.61,12281.43,2746.61
300000272,small,48,40000000.0,manufacturing,healthy,13220115.97,1,2024-07,24,1,1.392,1,25.22,3232512.16,513297.14,217563.95
300000273,micro,2,400000.0,trade,gap_risk,96913.86,0,2024-07,24,0,0.466,1,-32.71,48217.97,19004.24,2502.64
300000274,small,30,18317101.07,services,healthy,4931829.08,0,2024-07,24,1,0.833,1,28.26,1275501.1,243649.18,109207.7
300000275,micro,3,1508184.62,services,healthy,581908.9,0,2024-07,24,1,0.908,1,21.28,115573.22,43465.46,8398.82
300000276,small,40,22064653.4,trade,healthy,10067510.46,1,2024-07,24,1,1.471,1,23.62,1780628.01,311649.66,111409.96
300000277,micro,3,1604857.12,trade,healthy,791226.39,0,2024-07,24,1,1.107,1,6.26,148610.34,41749.34,5990.26
300000278,micro,2,849695.88,services,healthy,276229.74,0,2024-07,24,1,1.318,1,28.98,60909.13,29484.26,3262.65
300000279,small,26,15437820.95,services,gap_risk,2981239.6,0,2024-07,24,1,1.023,1,22.17,1233563.55,267567.86,110246.65
300000280,small,10,4629807.56,trade,healthy,2139286.06,0,2024-07,24,0,0.81,1,-2.76,453398.09,156128.66,34044.94
300000281,micro,4,2418622.29,services,healthy,842109.36,0,2024-07,24,1,0.739,1,22.14,170440.86,53850.39,7911.78
300000282,small,23,30973324.01,services,healthy,4685672.55,0,2024-07,24,1,0.714,1,39.13,1812217.54,186969.28,141139.1
300000283,micro,3,990612.24,manufacturing,healthy,431746.52,0,2024-07,24,1,1.256,1,-0.49,98839.3,38874.58,6571.73
300000284,small,13,3000000.0,trade,gap_risk,861775.52,0,2024-07,24,0,0.325,1,-16.12,315109.7,120176.67,16114.54
300000285,small,29,30927822.59,manufacturing,distressed,3044335.22,0,2024-07,24,0,-0.595,0,-5.03,2443432.52,363402.61,143487.09
300000286,medium,170,135496999.95,services,healthy,48863286.22,0,2024-07,24,1,1.181,1,29.97,9780397.04,2240482.98,465402.26
300000287,small,29,26590739.49,services,healthy,10472667.73,0,2024-07,24,1,1.102,1,34.25,1825922.7,303863.19,124896.35
300000288,small,31,27799274.33,trade,healthy,6791610.75,0,2024-07,24,1,0.717,1,18.1,2198811.02,345277.36,137894.5
300000289,micro,5,3000000.0,manufacturing,healthy,579882.19,0,2024-07,24,1,0.733,1,14.6,229888.92,55469.27,17052.29
300000290,micro,3,1657261.42,manufacturing,healthy,694843.86,0,2024-07,24,1,0.458,1,15.79,128138.82,44647.06,7828.15
300000291,micro,2,671802.92,services,healthy,175011.66,0,2024-07,24,1,0.546,1,16.84,50534.02,21598.65,3886.26
300000292,medium,156,123343991.55,trade,distressed,19319313.43,1,2024-07,24,0,-0.971,0,-7.95,9500936.96,2049175.94,821122.95
300000293,medium,137,40000000.0,trade,distressed,5141989.44,0,2024-07,24,0,0.31,1,-17.05,4083720.07,1856141.48,214956.82
300000294,small,41,40000000.0,trade,healthy,20592043.4,0,2024-07,24,1,1.248,1,15.36,3564022.85,459086.79,210777.76
300000295,micro,4,2172509.0,trade,healthy,526861.3,0,2024-07,24,1,0.747,1,9.5,188644.79,51526.31,12562.77
300000296,micro,3,1850048.51,manufacturing,healthy,653934.75,0,2024-07,24,1,1.144,1,20.11,149030.03,25503.04,9436.83
300000297,micro,1,406915.35,manufacturing,healthy,121217.78,0,2024-07,24,1,0.898,1,2.79,37858.6,12187.58,2283.87
300000298,micro,3,2025646.18,services,healthy,515779.78,0,2024-07,24,1,1.208,1,25.49,159537.88,40437.24,6589.96
300000299,small,17,6060351.84,services,healthy,1935178.48,0,2024-07,24,1,1.145,1,26.81,446438.86,214724.72,43660.4
300000300,micro,4,1941100.97,manufacturing,healthy,587532.32,0,2024-07,24,1,1.198,1,21.27,159325.44,44632.05,12842.76
300000301,micro,2,1601589.4,manufacturing,gap_risk,317424.42,0,2024-07,24,1,0.708,1,16.16,129704.16,24546.78,5563.88
300000302,medium,139,113665918.3,manufacturing,healthy,43168765.74,0,2024-07,24,1,0.739,1,16.6,9407705.66,2041689.97,726062.03
300000303,micro,4,3000000.0,manufacturing,healthy,1291243.89,0,2024-07,24,1,1.108,1,27.38,224724.62,38246.97,15281.59
300000304,micro,4,2642047.62,trade,healthy,1332451.07,0,2024-07,24,1,1.26,1,17.06,225845.29,50380.96,9288.55
300000305,medium,80,70327237.8,trade,gap_risk,17658737.49,0,2024-07,24,1,0.933,1,14.57,6001684.03,595783.11,520351.51
300000306,small,46,38915003.48,trade,distressed,5155750.67,0,2024-07,24,0,0.039,1,-7.27,3470126.38,369348.55,257460.27
300000307,micro,4,1500552.72,services,healthy,298541.85,0,2024-07,24,1,0.973,1,22.65,114113.01,59740.64,7462.77
300000308,medium,201,200000000.0,manufacturing,healthy,66922118.19,0,2024-07,24,1,1.111,1,22.46,15661305.09,3188536.2,707458.52
300000309,small,21,27770858.34,manufacturing,distressed,2706463.48,0,2024-07,24,0,-0.83,0,-5.72,2083683.75,156544.56,139615.09
300000310,micro,2,1470626.99,services,healthy,296734.52,0,2024-07,24,1,0.92,1,23.83,108304.74,21974.36,10505.24
300000311,micro,4,2180037.04,manufacturing,healthy,509299.82,0,2024-07,24,1,0.797,1,17.41,175015.52,37521.21,10486.88
300000312,micro,4,1485089.17,services,healthy,293423.84,0,2024-07,24,1,0.396,1,17.28,109349.04,29578.49,6006.15
300000313,small,35,36437348.69,services,healthy,13525664.18,0,2024-07,24,1,1.337,1,31.68,2657078.72,559484.57,138871.56
300000314,micro,4,2192526.0,manufacturing,healthy,512666.63,0,2024-07,24,1,0.605,1,11.71,179732.04,62969.35,9324.99
300000315,small,12,8174128.04,trade,distressed,1128367.62,0,2024-07,24,0,-0.727,0,-10.37,654044.65,131914.97,59212.88
300000316,small,35,26281883.51,manufacturing,healthy,5832914.81,1,2024-07,24,1,0.734,1,17.53,2084758.76,519429.83,117650.1
300000317,micro,4,2100868.03,manufacturing,healthy,828674.02,0,2024-07,24,1,0.821,1,23.82,151368.47,32276.78,12730.66
300000318,micro,3,2199265.07,manufacturing,healthy,990659.52,0,2024-07,24,1,0.885,1,22.6,165657.75,23337.15,9173.43
300000319,micro,5,3000000.0,services,healthy,912060.3,0,2024-07,24,1,0.598,1,24.22,210378.02,69255.72,10661.68
300000320,small,15,15215729.11,trade,healthy,7074508.36,0,2024-07,24,1,0.977,1,15.66,1305355.52,225336.5,97707.08
300000321,micro,5,3000000.0,trade,healthy,1406927.36,0,2024-07,24,1,0.677,1,6.74,254705.5,75509.69,21120.81
300000322,medium,244,200000000.0,trade,healthy,50134830.03,0,2024-07,24,1,1.255,1,17.55,17187974.95,2786639.66,1435026.34
300000323,small,27,25189958.44,manufacturing,healthy,5181715.76,1,2024-07,24,1,0.583,1,24.06,1774403.27,352897.95,99049.76
300000324,medium,122,40000000.0,manufacturing,healthy,9698290.33,1,2024-07,24,1,1.425,1,13.58,3613209.99,1045887.85,302891.4
300000325,small,36,33711076.14,trade,healthy,7201874.05,1,2024-07,24,1,0.527,1,16.99,2531923.81,438055.21,196980.79
300000326,small,46,40000000.0,trade,distressed,4054067.87,0,2024-07,24,0,-0.942,0,-7.32,3086300.98,435157.73,287098.97
300000327,small,44,37577553.19,manufacturing,healthy,10993525.63,1,2024-07,24,1,1.124,1,18.63,3122230.44,582009.28,272431.94
300000328,medium,118,116260437.09,services,healthy,28476244.02,0,2024-07,24,1,0.79,1,25.03,8105850.5,1817452.25,798746.93
300000329,small,35,25565302.91,trade,declining,4345769.29,0,2024-07,24,0,-1.457,0,5.03,1523306.29,440511.56,172515.02
300000330,micro,3,1699968.31,manufacturing,healthy,714902.68,0,2024-07,24,1,1.243,1,20.41,138598.76,39500.95,8698.72
300000331,medium,167,117501288.67,manufacturing,healthy,47304285.33,1,2024-07,24,1,0.711,1,17.59,9224646.92,1998319.96,836089.85
300000332,small,17,6387512.07,trade,distressed,674959.77,0,2024-07,24,0,0.29,1,-10.79,608535.92,226899.43,26847.18
300000333,micro,3,1943744.28,services,healthy,750241.88,0,2024-07,24,1,1.163,1,26.47,146736.89,29887.72,10345.67
300000334,micro,2,863179.93,trade,healthy,206543.1,0,2024-07,24,1,0.753,1,6.38,74093.43,21345.07,3133.0
300000335,small,30,33098278.7,services,healthy,8893193.16,0,2024-07,24,1,0.752,1,33.53,2038230.34,338554.88,171033.96
300000336,micro,5,2542355.81,trade,healthy,659015.2,0,2024-07,24,1,0.653,1,9.52,214756.4,58808.13,9515.4
300000337,medium,100,63148820.46,manufacturing,gap_risk,11454465.39,1,2024-07,24,1,0.283,1,11.42,5197420.45,1292803.03,324485.01
300000338,small,25,24390810.97,trade,healthy,8384202.79,0,2024-07,24,1,1.297,1,15.62,2152689.41,231823.6,167638.41
300000339,micro,1,476773.08,services,healthy,145360.19,0,2024-07,24,1,0.613,1,17.33,36834.05,8476.08,3355.38
300000340,micro,2,400000.0,services,healthy,158695.38,0,2024-07,24,1,1.245,1,13.56,34670.31,17678.43,1427.63
300000341,small,25,20322006.13,services,healthy,7934946.86,1,2024-07,24,1,0.99,1,26.56,1423114.21,359899.65,71859.15
300000342,micro,3,1779367.48,services,healthy,675542.29,0,2024-07,24,1,0.826,1,25.36,125175.9,26842.19,8082.51
300000343,micro,3,1990101.54,services,healthy,634268.2,0,2024-07,24,1,0.487,1,31.7,125644.03,21650.14,8674.72
300000344,small,34,31500134.72,manufacturing,healthy,6195073.51,0,2024-07,24,1,0.817,1,25.51,2286541.88,288874.26,136190.95
300000345,small,30,32416268.68,services,healthy,11353968.42,0,2024-07,24,1,0.641,1,32.93,1994341.78,320119.42,170405.85
300000346,small,48,40000000.0,manufacturing,declining,8227339.59,0,2024-07,24,0,-1.588,0,0.86,2449874.62,613696.72,187890.95
300000347,micro,3,1815329.2,manufacturing,healthy,399318.26,0,2024-07,24,1,1.147,1,18.64,151101.65,27299.44,10314.83
300000348,micro,2,1069141.31,services,gap_risk,236102.04,0,2024-07,24,1,0.87,1,17.86,87874.69,22789.26,4644.57
300000349,micro,4,2058963.83,services,healthy,833611.67,0,2024-07,24,1,1.227,1,22.15,159170.73,41676.29,12690.89
300000350,micro,4,2558572.54,trade,healthy,659761.46,0,2024-07,24,1,1.225,1,23.4,207447.35,37617.14,12859.16
300000351,medium,189,182098033.3,services,healthy,63056839.83,0,2024-07,24,1,0.63,1,29.74,11988734.61,2083091.94,942415.09
300000352,micro,1,400000.0,manufacturing,healthy,179722.07,0,2024-07,24,1,0.587,1,3.27,34538.5,10255.99,2260.32
300000353,micro,5,3000000.0,manufacturing,healthy,977428.26,0,2024-07,24,1,1.16,1,19.57,240502.86,53340.67,22778.32
300000354,small,26,5661089.45,trade,healthy,3249348.98,0,2024-07,24,0,0.978,1,-13.24,631746.4,243179.09,29343.84
300000355,micro,1,736650.24,manufacturing,healthy,162177.23,0,2024-07,24,1,1.145,1,20.69,59708.2,11887.45,5316.34
300000356,micro,2,400000.0,services,healthy,156982.87,0,2024-07,24,0,0.629,1,-5.11,37541.1,19760.88,2732.42
300000357,micro,5,3000000.0,manufacturing,healthy,1202519.96,0,2024-07,24,1,0.938,1,19.31,229371.59,75574.26,14036.53
300000358,small,19,22165887.7,manufacturing,distressed,1767292.07,0,2024-07,24,0,0.307,1,-0.54,1919537.79,287700.93,102513.19
300000359,micro,1,1475697.67,trade,healthy,452481.44,0,2024-07,24,1,0.628,1,23.82,108704.97,12801.88,6229.36
300000360,small,26,18931745.6,trade,healthy,7203832.42,0,2024-07,24,1,0.579,1,17.78,1418618.88,230403.16,68373.2
300000361,small,8,3112402.78,trade,healthy,908898.8,0,2024-07,24,1,1.204,1,15.78,279798.69,63031.23,14250.31
300000362,micro,5,3000000.0,services,healthy,852517.54,0,2024-07,24,1,0.705,1,26.22,209274.88,63979.99,20484.98
300000363,micro,3,2600792.93,trade,healthy,907773.19,0,2024-07,24,1,0.854,1,20.36,200101.8,27708.66,13717.51
300000364,micro,3,573480.31,services,healthy,294931.07,0,2024-07,24,0,1.065,1,-13.24,63851.17,41680.24,2566.9
300000365,micro,5,3000000.0,trade,healthy,1445672.31,0,2024-07,24,1,0.473,1,1.85,263095.82,74476.11,19436.05
300000366,medium,240,200000000.0,trade,healthy,69986994.98,0,2024-07,24,1,0.935,1,16.21,16638268.94,3781913.89,1597721.55
300000367,micro,3,1879166.76,trade,healthy,867850.31,0,2024-07,24,1,0.387,1,10.9,151958.56,36225.26,10723.99
300000368,micro,3,1389846.68,trade,healthy,497495.69,0,2024-07,24,1,0.54,1,13.99,110945.34,24818.39,5523.78
300000369,micro,1,400000.0,manufacturing,healthy,114371.31,0,2024-07,24,1,0.717,1,5.08,35116.66,11752.27,2245.59
300000370,micro,5,2066436.69,trade,declining,375461.68,0,2024-07,24,0,-1.436,0,-4.73,145169.95,47011.55,8193.84
300000371,micro,1,767575.47,trade,healthy,190362.53,0,2024-07,24,1,0.814,1,11.96,65888.99,13899.0,2859.56
300000372,micro,5,2035826.69,trade,healthy,1005348.7,0,2024-07,24,1,0.966,1,4.2,189442.83,58854.66,10268.41
300000373,micro,3,1053679.85,trade,healthy,430812.28,0,2024-07,24,1,1.034,1,15.26,90540.21,20790.54,5380.46
300000374,medium,174,149858957.98,services,healthy,67010237.64,0,2024-07,24,1,0.917,1,23.05,11183540.75,2597272.41,897033.64
300000375,micro,4,1737861.35,manufacturing,healthy,667794.85,0,2024-07,24,1,0.549,1,2.08,156118.48,56538.37,9695.3
300000376,micro,3,756685.57,services,declining,164556.13,0,2024-07,24,0,-1.563,0,-21.79,61479.88,38942.73,5440.02
300000377,micro,3,1510762.39,services,declining,139263.63,0,2024-07,24,0,-1.631,0,9.21,88228.5,24623.33,9788.12
300000378,micro,4,2070055.14,manufacturing,healthy,1033108.18,0,2024-07,24,1,0.417,1,6.58,174190.43,63425.41,11524.51
300000379,small,45,40000000.0,services,distressed,8401478.51,0,2024-07,24,0,0.349,1,-0.52,3533040.8,320718.28,152131.65
300000380,small,32,19181581.78,manufacturing,healthy,8040126.72,0,2024-07,24,1,1.144,1,17.98,1572058.24,432067.84,135543.14
300000381,medium,131,70478065.39,manufacturing,healthy,20208141.69,0,2024-07,24,1,0.917,1,21.26,5223877.67,1469648.1,340242.23
300000382,micro,4,2446713.39,services,healthy,938798.91,0,2024-07,24,1,0.503,1,25.67,165094.64,58760.66,16402.13
300000383,small,13,9350894.22,trade,distressed,1310479.74,0,2024-07,24,0,-0.591,0,-4.27,728017.8,186545.91,33307.66
300000384,micro,5,2716357.52,trade,healthy,868134.42,0,2024-07,24,1,1.281,1,7.79,252701.32,72627.75,10332.42
300000385,micro,3,2142410.16,services,gap_risk,407723.04,0,2024-07,24,1,0.192,1,16.12,160208.57,45054.37,11304.4
300000386,small,37,40000000.0,manufacturing,declining,6558314.84,0,2024-07,24,1,-0.744,0,11.98,2551086.05,372051.67,285273.02
300000387,micro,2,400000.0,services,healthy,155824.32,0,2024-07,24,0,1.051,1,-13.12,43991.13,26883.7,3010.66
300000388,micro,2,1118453.38,manufacturing,declining,117324.95,0,2024-07,24,0,-2.25,0,-4.81,72069.94,27795.6,7270.98
300000389,small,26,17492700.42,services,healthy,4956816.88,1,2024-07,24,1,0.87,1,31.87,1171062.83,217972.8,61656.59
300000390,small,9,8127068.93,services,healthy,3074677.34,0,2024-07,24,1,0.721,1,26.05,569972.87,115688.29,30681.33
300000391,small,8,3000000.0,trade,gap_risk,845422.13,0,2024-07,24,0,1.111,1,-4.86,316536.18,109068.83,15666.03
300000392,micro,3,2349852.44,trade,healthy,709997.4,0,2024-07,24,1,0.861,1,18.09,184147.3,28297.04,13482.16
300000393,micro,2,525141.39,trade,healthy,342687.92,0,2024-07,24,0,0.841,1,-27.22,63838.01,27748.27,3010.74
300000394,micro,5,3000000.0,trade,healthy,1417010.15,0,2024-07,24,1,0.87,1,14.43,243578.41,51871.15,22334.15
300000395,medium,221,180437701.5,trade,distressed,12578021.03,0,2024-07,24,0,-0.84,0,-10.3,14555427.19,2899880.04,1154552.03
300000396,small,43,40000000.0,trade,healthy,6922252.19,0,2024-07,24,1,0.518,1,24.96,2727988.07,350150.99,248521.72
300000397,small,12,3000000.0,trade,healthy,1004676.46,0,2024-07,24,1,0.839,1,-1.98,297048.24,87669.4,20721.0
300000398,medium,53,40000000.0,services,healthy,12805231.87,0,2024-07,24,1,0.755,1,29.29,2682930.88,447873.42,171831.17
300000399,medium,185,110660398.92,trade,healthy,29081617.07,0,2024-07,24,1,0.462,1,6.83,9355397.0,2743575.76,803663.0
300000400,micro,3,2279624.63,trade,distressed,284331.32,0,2024-07,24,0,-0.619,0,-9.08,180425.89,24854.94,15557.82
300000401,medium,155,92072940.92,trade,distressed,17572762.72,0,2024-07,24,0,0.375,1,-1.17,8206390.92,1580451.62,433935.71
300000402,micro,4,1535420.66,services,healthy,387949.07,0,2024-07,24,1,1.147,1,21.21,118390.76,42134.94,5811.77
300000403,micro,3,628181.99,trade,healthy,187918.49,0,2024-07,24,0,0.652,1,-19.73,67324.8,26430.95,3108.39
300000404,micro,1,400000.0,services,healthy,104657.06,0,2024-07,24,1,0.796,1,24.05,28539.77,11861.31,2524.83
300000405,micro,2,400000.0,trade,healthy,301490.49,0,2024-07,24,0,1.251,1,-54.01,62738.47,32753.3,2017.96
300000406,medium,227,191675649.71,manufacturing,healthy,48253273.33,0,2024-07,24,1,1.307,1,19.78,15955031.73,2983775.0,823749.59
300000407,micro,5,2922015.39,manufacturing,healthy,804095.74,0,2024-07,24,1,0.593,1,20.11,215435.15,55209.91,21007.24
300000408,medium,226,200000000.0,manufacturing,healthy,63244597.31,0,2024-07,24,1,0.693,1,15.46,15986449.16,2145143.6,1007427.26
300000409,micro,5,2556113.34,manufacturing,healthy,496320.32,0,2024-07,24,1,0.381,1,14.76,191701.66,36824.12,11590.84
300000410,micro,1,400000.0,manufacturing,healthy,89678.7,0,2024-07,24,1,0.397,1,11.16,31950.37,8979.31,2538.09
300000411,micro,4,1446125.84,trade,healthy,747190.61,0,2024-07,24,1,1.242,1,-3.62,151408.76,45831.16,10056.66
300000412,micro,4,2490031.2,services,gap_risk,469333.78,0,2024-07,24,1,0.597,1,22.24,188652.04,47928.17,9216.11
300000413,micro,4,1869187.72,trade,healthy,832560.97,0,2024-07,24,1,0.559,1,12.45,153474.24,35347.38,11343.85
300000414,micro,3,1924302.36,services,healthy,802458.86,0,2024-07,24,1,0.902,1,19.92,147662.22,42363.52,13695.79
300000415,small,29,34389135.11,manufacturing,gap_risk,7696461.47,1,2024-07,24,1,0.419,1,16.99,2671263.52,266940.45,144327.82
300000416,medium,243,177455037.36,trade,healthy,40361731.97,1,2024-07,24,1,0.515,1,16.41,13721304.6,3545127.69,677517.13
300000417,micro,1,400000.0,manufacturing,distressed,39365.05,0,2024-07,24,0,-0.593,0,-12.4,33690.29,12141.66,2513.31
300000418,micro,4,3000000.0,services,healthy,786239.6,0,2024-07,24,1,0.473,1,24.26,212318.7,52057.68,16402.56
300000419,micro,3,1352813.58,manufacturing,healthy,529764.34,0,2024-07,24,1,0.606,1,10.06,109082.91,40668.15,6775.21
300000420,micro,5,2755109.65,services,healthy,841013.17,0,2024-07,24,1,1.133,1,23.74,210223.28,40980.39,15566.77
300000421,medium,121,69761817.57,manufacturing,healthy,25388460.45,0,2024-07,24,1,0.501,1,14.42,5427067.93,1234105.92,368180.07
300000422,micro,5,1997727.95,services,healthy,823724.09,0,2024-07,24,1,0.632,1,21.17,144551.19,48735.76,13025.17
300000423,micro,3,1705658.45,manufacturing,healthy,723361.86,0,2024-07,24,1,0.842,1,15.18,143601.11,43317.6,8523.87
300000424,small,29,20776777.27,manufacturing,healthy,6949757.98,0,2024-07,24,1,1.379,1,24.86,1639880.89,354875.78,130401.4
300000425,medium,63,54780170.54,services,healthy,12295168.95,0,2024-07,24,1,0.648,1,29.0,3669761.79,680146.31,404108.51
300000426,small,48,40000000.0,services,declining,5089190.13,0,2024-07,24,1,-1.661,0,22.04,1933194.17,392146.3,232921.06
300000427,micro,4,3000000.0,services,healthy,1169844.91,0,2024-07,24,1,1.045,1,27.37,223559.38,52571.13,21375.64
300000428,small,39,29259909.89,services,healthy,5669960.45,1,2024-07,24,1,0.791,1,24.94,2106188.39,364321.37,146746.37
300000429,small,23,16432082.79,services,healthy,7899861.73,0,2024-07,24,1,1.212,1,18.54,1346879.71,335247.35,120159.18
300000430,medium,144,98502849.42,trade,healthy,37969534.42,0,2024-07,24,1,0.675,1,15.06,7954999.19,2188298.09,329490.0
300000431,micro,4,2148121.92,trade,distressed,332308.72,0,2024-07,24,0,-0.785,0,-10.56,166400.76,33191.04,10631.75
300000432,small,36,24489200.99,services,gap_risk,5420408.81,0,2024-07,24,1,0.77,1,22.98,1849119.07,324117.46,158269.43
300000433,micro,3,1743059.11,manufacturing,gap_risk,407078.98,0,2024-07,24,1,0.776,1,10.88,154941.14,43450.95,12567.03
300000434,medium,178,146934523.86,services,distressed,21793995.78,0,2024-07,24,0,-0.491,0,-5.08,11568129.96,2408973.63,919802.65
300000435,micro,2,1561732.14,trade,healthy,379622.82,0,2024-07,24,1,1.035,1,14.54,130960.18,28528.45,11660.25
300000436,micro,1,471080.48,services,healthy,147272.03,0,2024-07,24,1,1.026,1,24.23,34546.47,13661.27,2911.8
300000437,micro,1,1053803.99,services,healthy,214188.97,0,2024-07,24,1,1.097,1,28.83,76474.75,9474.95,7282.63
300000438,medium,168,125893258.02,manufacturing,gap_risk,28027526.4,0,2024-07,24,1,0.721,1,12.71,10643128.74,1211704.29,738149.83
300000439,micro,5,3000000.0,trade,healthy,1185130.5,0,2024-07,24,1,0.931,1,12.15,252888.05,47204.78,21515.77
300000440,medium,85,78315707.08,trade,healthy,15004434.38,0,2024-07,24,1,0.862,1,25.52,5762043.03,728996.61,516286.9
300000441,small,38,35948089.37,trade,distressed,4475816.91,0,2024-07,24,0,-0.627,0,-4.74,2797415.59,282592.42,210615.75
300000442,small,47,28675552.42,services,healthy,10614804.71,0,2024-07,24,1,1.148,1,27.07,2102312.42,626010.28,161836.95
300000443,micro,2,1131274.42,manufacturing,healthy,409855.0,0,2024-07,24,1,0.903,1,19.91,86741.35,20429.05,4902.23
300000444,micro,1,1011625.23,services,gap_risk,161047.32,0,2024-07,24,1,0.336,1,23.03,74556.5,11986.63,7329.34
300000445,micro,5,2700403.81,trade,gap_risk,603020.08,0,2024-07,24,1,0.168,1,3.76,237079.14,70355.29,17392.65
300000446,micro,1,766459.44,services,healthy,233142.22,0,2024-07,24,1,0.567,1,23.58,54577.03,11566.02,5407.89
300000447,micro,4,1403209.22,manufacturing,distressed,135445.46,0,2024-07,24,0,0.367,1,-5.56,131011.38,29110.1,4960.65
300000448,micro,1,877477.9,trade,distressed,133651.48,0,2024-07,24,0,-0.269,0,-5.0,74884.0,12301.31,3922.53
300000449,small,32,27770865.71,trade,declining,4327512.87,0,2024-07,24,1,-0.854,0,11.02,1773541.61,378021.91,95184.02
300000450,micro,1,1430068.02,trade,healthy,665085.66,0,2024-07,24,1,1.37,1,21.23,118995.9,12169.33,7746.1
300000451,small,13,11765070.22,services,distressed,2143528.31,0,2024-07,24,1,-0.163,0,0.68,987770.25,188336.21,80896.42
300000452,micro,2,1493814.24,manufacturing,healthy,622906.98,0,2024-07,24,1,0.74,1,18.85,113942.3,21589.4,6972.08
300000453,small,6,3000000.0,trade,healthy,808002.62,0,2024-07,24,1,1.182,1,16.03,250035.52,60842.35,13542.01
300000454,small,18,7532502.46,trade,healthy,2990668.84,0,2024-07,24,1,0.517,1,9.83,626268.09,186216.0,30786.75
300000455,micro,5,2658386.49,manufacturing,gap_risk,476359.83,0,2024-07,24,1,0.639,1,13.35,217847.22,66926.03,13776.3
300000456,small,15,10042682.14,manufacturing,healthy,2719127.45,0,2024-07,24,1,0.636,1,18.01,767909.71,180481.31,64537.59
300000457,micro,1,400000.0,manufacturing,gap_risk,88847.6,0,2024-07,24,1,0.46,1,-2.4,37599.11,13529.71,1469.71
300000458,small,10,4557304.36,services,healthy,2113747.53,0,2024-07,24,1,1.203,1,19.19,363294.03,144782.35,26758.59
300000459,small,8,3000000.0,services,healthy,965766.93,0,2024-07,24,1,0.733,1,18.4,227495.17,57262.6,20022.25
300000460,micro,1,400000.0,services,healthy,136165.45,0,2024-07,24,1,1.233,1,28.39,28939.75,11384.55,2721.11
300000461,micro,2,465784.81,manufacturing,declining,122631.67,0,2024-07,24,0,-1.283,0,-45.37,47225.52,24585.17,3082.51
300000462,small,25,12155936.89,manufacturing,healthy,5721045.05,0,2024-07,24,1,1.036,1,14.66,1047609.78,393227.49,43125.36
300000463,small,46,22783010.03,manufacturing,gap_risk,3978148.89,0,2024-07,24,1,-0.038,0,6.52,1860874.51,681374.06,131901.04
300000464,small,13,3000000.0,services,healthy,1302329.23,0,2024-07,24,1,0.78,1,-0.48,274089.13,167417.88,15745.25
300000465,micro,4,2187343.75,trade,healthy,693062.86,0,2024-07,24,1,0.756,1,13.33,182817.82,47882.29,11792.66
300000466,small,13,6956378.49,manufacturing,declining,1142837.2,0,2024-07,24,0,-1.02,0,4.48,452244.23,113450.6,43000.46
300000467,micro,3,1714472.32,services,healthy,626730.87,0,2024-07,24,1,1.25,1,21.5,135344.0,36806.74,7047.29
300000468,micro,5,3000000.0,services,gap_risk,692417.37,0,2024-07,24,1,0.723,1,19.21,239591.54,70616.43,19139.07
300000469,small,26,21720062.91,trade,healthy,6817153.26,0,2024-07,24,1,0.787,1,18.55,1713277.51,303551.25,136728.98
300000470,small,26,10282734.19,services,healthy,3126190.2,0,2024-07,24,1,1.173,1,23.08,771589.15,374045.0,69315.33
300000471,small,38,35063640.56,trade,healthy,14070583.39,0,2024-07,24,1,1.058,1,24.88,2686057.56,304592.04,265553.84
300000472,small,13,15648873.77,services,gap_risk,2538073.9,1,2024-07,24,1,0.114,1,33.72,931673.61,127426.37,59010.98
300000473,micro,3,1252214.74,services,distressed,138958.64,0,2024-07,24,0,-0.319,0,-10.28,108525.51,44603.03,7165.27
300000474,small,20,31070523.74,trade,distressed,3318230.84,1,2024-07,24,0,-0.594,0,-5.43,2463388.9,315710.0,166436.56
300000475,micro,5,3000000.0,manufacturing,healthy,981084.01,0,2024-07,24,1,1.401,1,14.25,265349.11,71243.75,20636.19
300000476,micro,5,3000000.0,services,healthy,603473.21,0,2024-07,24,1,1.335,1,27.51,220528.1,66646.6,14228.93
300000477,small,38,33718301.27,manufacturing,healthy,11326105.26,0,2024-07,24,1,1.154,1,25.18,2465339.75,535580.58,224376.88
300000478,micro,3,1142513.75,services,healthy,297084.57,0,2024-07,24,1,1.029,1,20.86,87156.64,34216.78,6231.31
300000479,micro,1,400000.0,services,gap_risk,91440.62,0,2024-07,24,1,0.93,1,22.55,30534.14,10560.13,2664.24
300000480,medium,228,171659663.89,trade,healthy,46851837.97,0,2024-07,24,1,1.27,1,18.38,14540047.85,2064445.6,589435.99
300000481,small,35,35015394.25,manufacturing,declining,5382525.55,0,2024-07,24,1,-1.859,0,9.35,1947149.88,408892.24,229696.0
300000482,micro,3,2259418.86,manufacturing,healthy,989166.57,0,2024-07,24,1,1.211,1,23.28,184404.42,42494.26,10935.38
300000483,micro,2,879842.1,services,declining,115610.57,0,2024-07,24,0,-1.693,0,-4.47,61065.8,27108.39,5400.64
300000484,micro,5,3000000.0,trade,declining,518506.67,0,2024-07,24,0,-0.854,0,0.37,221147.86,73533.04,18279.21
300000485,micro,1,774461.77,services,healthy,314832.25,0,2024-07,24,1,0.828,1,27.48,52749.43,15899.33,4474.85
300000486,medium,108,113346098.47,manufacturing,healthy,27269357.99,0,2024-07,24,1,0.501,1,25.34,7829062.1,794688.68,431807.73
300000487,micro,2,1510226.66,manufacturing,healthy,769197.97,0,2024-07,24,1,1.171,1,15.76,129771.61,15983.11,8982.61
300000488,micro,4,1760310.87,manufacturing,distressed,310138.85,0,2024-07,24,0,0.136,1,-2.16,154900.77,28428.27,6796.46
300000489,small,7,3886783.45,trade,healthy,1235388.93,1,2024-07,24,1,0.833,1,6.28,354507.62,108843.64,22559.25
300000490,micro,5,2996399.15,manufacturing,declining,603837.57,0,2024-07,24,1,-0.566,0,11.62,199581.06,39988.12,18254.4
300000491,micro,5,2898439.99,trade,declining,379171.09,0,2024-07,24,0,-0.964,0,3.71,200315.79,52374.26,9267.96
300000492,medium,134,105477931.88,manufacturing,healthy,23791052.08,1,2024-07,24,1,0.814,1,15.75,8824585.58,1119367.85,372333.67
300000493,micro,2,1068660.68,services,healthy,395105.93,0,2024-07,24,1,0.819,1,18.98,84703.13,23869.76,4858.39
300000494,micro,2,631551.37,trade,declining,174652.89,0,2024-07,24,0,-0.703,0,-24.4,58895.34,23976.93,3369.79
300000495,small,46,28397812.99,manufacturing,healthy,8961283.08,0,2024-07,24,1,1.305,1,22.09,2305859.33,543422.39,104256.8
300000496,micro,4,1501550.77,manufacturing,healthy,650875.89,0,2024-07,24,1,0.574,1,3.45,130235.26,43739.13,10534.66
300000497,micro,3,1648897.05,manufacturing,healthy,753088.15,0,2024-07,24,1,0.814,1,10.06,141377.35,40800.54,12084.85
300000498,micro,2,1054736.59,trade,healthy,357298.74,0,2024-07,24,1,0.818,1,6.33,96980.53,26622.77,7557.04
300000499,micro,1,400000.0,trade,healthy,229128.4,0,2024-07,24,0,0.441,1,-12.67,41084.61,14542.37,2797.51
300000500,micro,5,3000000.0,manufacturing,healthy,1349498.34,0,2024-07,24,1,0.725,1,17.06,231795.54,60508.05,21148.01
